
-- Inserir mensalistas de exemplo
INSERT INTO mensalistas (id, nome, data_nascimento, status_mensalista, cpf, idade, documento_valido) VALUES
                                                                                                         ('10000001-1001-1001-1001-100000000001', 'Alessandro Costa Silva', '1985-03-15', 'ATIVO', '12345678901', 39, true),
                                                                                                         ('10000002-1002-1002-1002-100000000002', 'Beatriz Santos Lima', '1990-07-22', 'ATIVO', '23456789012', 34, true),
                                                                                                         ('10000003-1003-1003-1003-100000000003', 'Carlos Eduardo Rocha', '1978-11-30', 'INATIVO', '34567890123', 45, false),
                                                                                                         ('10000004-1004-1004-1004-100000000004', 'Daniela Ferreira Costa', '1992-05-08', 'ATIVO', '45678901234', 32, true),
                                                                                                         ('10000005-1005-1005-1005-100000000005', 'Eduardo Oliveira Santos', '1980-12-03', 'SUSPENSO', '56789012345', 43, true),
                                                                                                         ('10000006-1006-1006-1006-100000000006', 'Fernanda Silva Souza', '1987-09-18', 'ATIVO', '67890123456', 36, true),
                                                                                                         ('10000007-1007-1007-1007-100000000007', 'Gabriel Martins Alves', '1995-04-12', 'ATIVO', '78901234567', 29, true),
                                                                                                         ('10000008-1008-1008-1008-100000000008', 'Helena Costa Ribeiro', '1983-08-27', 'ATIVO', '89012345678', 40, true),
                                                                                                         ('10000009-1009-1009-1009-100000000009', 'Igor Pereira Lima', '1991-01-14', 'INATIVO', '90123456789', 33, false),
                                                                                                         ('10000010-1010-1010-1010-100000000010', 'Juliana Rodrigues Silva', '1988-06-05', 'ATIVO', '01234567890', 35, true),
                                                                                                         ('10000011-1011-1011-1011-100000000011', 'Karina Almeida Santos', '1994-10-20', 'ATIVO', '12345098765', 29, true),
                                                                                                         ('10000012-1012-1012-1012-100000000012', 'Leonardo Barbosa Costa', '1982-03-08', 'SUSPENSO', '23456109876', 42, true),
                                                                                                         ('10000013-1013-1013-1013-100000000013', 'Mariana Gomes Oliveira', '1993-11-15', 'ATIVO', '34567210987', 30, true),
                                                                                                         ('10000014-1014-1014-1014-100000000014', 'Nathan Silva Ferreira', '1986-07-02', 'ATIVO', '45678321098', 37, true),
                                                                                                         ('10000015-1015-1015-1015-100000000015', 'Olivia Santos Rocha', '1989-12-28', 'ATIVO', '56789432109', 34, true),
                                                                                                         ('10000016-1016-1016-1016-100000000016', 'Paulo César Martins', '1979-05-13', 'INATIVO', '67890543210', 44, false),
                                                                                                         ('10000017-1017-1017-1017-100000000017', 'Queila Ribeiro Lima', '1996-09-04', 'ATIVO', '78901654321', 27, true),
                                                                                                         ('10000018-1018-1018-1018-100000000018', 'Rafael Costa Alves', '1984-02-19', 'ATIVO', '89012765432', 40, true),
                                                                                                         ('10000019-1019-1019-1019-100000000019', 'Sabrina Lima Santos', '1992-08-11', 'ATIVO', '90123876543', 31, true),
                                                                                                         ('10000020-1020-1020-1020-100000000020', 'Thiago Oliveira Silva', '1981-04-25', 'SUSPENSO', '01234987654', 42, true),
                                                                                                         ('10000021-1021-1021-1021-100000000021', 'Ursula Ferreira Costa', '1990-10-07', 'ATIVO', '11223344556', 33, true),
                                                                                                         ('10000022-1022-1022-1022-100000000022', 'Vinicius Santos Rocha', '1987-06-22', 'ATIVO', '22334455667', 36, true),
                                                                                                         ('10000023-1023-1023-1023-100000000023', 'Wendy Silva Martins', '1995-01-16', 'ATIVO', '33445566778', 29, true),
                                                                                                         ('10000024-1024-1024-1024-100000000024', 'Xavier Costa Lima', '1983-09-30', 'INATIVO', '44556677889', 40, false),
                                                                                                         ('10000025-1025-1025-1025-100000000025', 'Yasmin Alves Santos', '1991-12-18', 'ATIVO', '55667788990', 32, true),
                                                                                                         ('10000026-1026-1026-1026-100000000026', 'Zacarias Ribeiro Silva', '1988-03-03', 'ATIVO', '66778899001', 36, true),
                                                                                                         ('10000027-1027-1027-1027-100000000027', 'Amanda Gomes Costa', '1994-07-09', 'ATIVO', '77889900112', 29, true),
                                                                                                         ('10000028-1028-1028-1028-100000000028', 'Bruno Santos Oliveira', '1982-11-26', 'SUSPENSO', '88990011223', 41, true),
                                                                                                         ('10000029-1029-1029-1029-100000000029', 'Carla Ferreira Lima', '1993-05-14', 'ATIVO', '99001122334', 30, true),
                                                                                                         ('10000030-1030-1030-1030-100000000030', 'Diego Silva Rocha', '1986-09-01', 'ATIVO', '00112233445', 37, true),
                                                                                                         ('10000031-1031-1031-1031-100000000031', 'Elaine Costa Martins', '1989-01-23', 'ATIVO', '10203040506', 35, true),
                                                                                                         ('10000032-1032-1032-1032-100000000032', 'Fabio Santos Alves', '1992-06-17', 'INATIVO', '20304050607', 31, false),
                                                                                                         ('10000033-1033-1033-1033-100000000033', 'Giovana Lima Silva', '1985-10-10', 'ATIVO', '30405060708', 38, true),
                                                                                                         ('10000034-1034-1034-1034-100000000034', 'Henrique Oliveira Costa', '1991-04-28', 'ATIVO', '40506070809', 32, true),
                                                                                                         ('10000035-1035-1035-1035-100000000035', 'Isabela Ferreira Santos', '1987-08-15', 'ATIVO', '50607080910', 36, true),
                                                                                                         ('10000036-1036-1036-1036-100000000036', 'João Pedro Rocha Lima', '1995-12-02', 'ATIVO', '60708091011', 28, true),
                                                                                                         ('10000037-1037-1037-1037-100000000037', 'Kelly Silva Martins', '1983-03-19', 'SUSPENSO', '70809101112', 41, true),
                                                                                                         ('10000038-1038-1038-1038-100000000038', 'Lucas Costa Alves', '1990-07-06', 'ATIVO', '80910111213', 33, true),
                                                                                                         ('10000039-1039-1039-1039-100000000039', 'Monica Santos Ribeiro', '1988-11-24', 'ATIVO', '90101112131', 35, true),
                                                                                                         ('10000040-1040-1040-1040-100000000040', 'Nicolas Lima Silva', '1994-05-11', 'ATIVO', '01011121314', 29, true),
                                                                                                         ('10000041-1041-1041-1041-100000000041', 'Patricia Oliveira Costa', '1981-09-29', 'INATIVO', '11121314151', 42, false),
                                                                                                         ('10000042-1042-1042-1042-100000000042', 'Quintino Ferreira Santos', '1996-01-08', 'ATIVO', '21314151617', 28, true),
                                                                                                         ('10000043-1043-1043-1043-100000000043', 'Roberta Silva Rocha', '1989-06-25', 'ATIVO', '31415161718', 34, true),
                                                                                                         ('10000044-1044-1044-1044-100000000044', 'Sergio Costa Lima', '1984-10-12', 'ATIVO', '41516171819', 39, true),
                                                                                                         ('10000045-1045-1045-1045-100000000045', 'Tatiana Santos Martins', '1992-02-29', 'SUSPENSO', '51617181920', 32, true),
                                                                                                         ('10000046-1046-1046-1046-100000000046', 'Ulisses Alves Silva', '1986-07-16', 'ATIVO', '61718192021', 37, true),
                                                                                                         ('10000047-1047-1047-1047-100000000047', 'Vanessa Costa Santos', '1993-11-03', 'ATIVO', '71819202122', 30, true),
                                                                                                         ('10000048-1048-1048-1048-100000000048', 'William Lima Oliveira', '1980-04-20', 'ATIVO', '81920212223', 44, true),
                                                                                                         ('10000049-1049-1049-1049-100000000049', 'Ximena Ferreira Costa', '1995-08-07', 'ATIVO', '91021222324', 28, true),
                                                                                                         ('10000050-1050-1050-1050-100000000050', 'Yuri Santos Rocha', '1987-12-24', 'INATIVO', '01222324252', 36, false),
                                                                                                         ('10000051-1051-1051-1051-100000000051', 'Zilda Silva Martins', '1991-03-13', 'ATIVO', '12223242526', 33, true),
                                                                                                         ('10000052-1052-1052-1052-100000000052', 'Adriano Costa Alves', '1988-07-30', 'ATIVO', '22324252627', 35, true),
                                                                                                         ('10000053-1053-1053-1053-100000000053', 'Barbara Lima Santos', '1994-11-17', 'ATIVO', '32425262728', 29, true),
                                                                                                         ('10000054-1054-1054-1054-100000000054', 'Cesar Oliveira Silva', '1982-06-04', 'SUSPENSO', '42526272829', 41, true),
                                                                                                         ('10000055-1055-1055-1055-100000000055', 'Debora Ferreira Costa', '1990-10-21', 'ATIVO', '52627282930', 33, true),
                                                                                                         ('10000056-1056-1056-1056-100000000056', 'Evandro Santos Rocha', '1985-02-08', 'ATIVO', '62728293031', 39, true),
                                                                                                         ('10000057-1057-1057-1057-100000000057', 'Fatima Silva Lima', '1996-05-26', 'ATIVO', '72829303132', 27, true),
                                                                                                         ('10000058-1058-1058-1058-100000000058', 'Gustavo Costa Martins', '1983-09-13', 'INATIVO', '82930313233', 40, false),
                                                                                                         ('10000059-1059-1059-1059-100000000059', 'Heloisa Alves Santos', '1992-01-31', 'ATIVO', '93031323334', 32, true),
                                                                                                         ('10000060-1060-1060-1060-100000000060', 'Ivan Lima Silva', '1989-06-18', 'ATIVO', '03132333435', 34, true),
                                                                                                         ('10000061-1061-1061-1061-100000000061', 'Jaqueline Santos Costa', '1987-10-05', 'ATIVO', '13233343536', 36, true),
                                                                                                         ('10000062-1062-1062-1062-100000000062', 'Kleber Oliveira Rocha', '1995-01-22', 'SUSPENSO', '23334353637', 29, true),
                                                                                                         ('10000063-1063-1063-1063-100000000063', 'Lucia Ferreira Lima', '1981-05-09', 'ATIVO', '33435363738', 42, true),
                                                                                                         ('10000064-1064-1064-1064-100000000064', 'Marcelo Silva Martins', '1993-08-27', 'ATIVO', '43536373839', 30, true),
                                                                                                         ('10000065-1065-1065-1065-100000000065', 'Natalia Costa Alves', '1986-12-14', 'ATIVO', '53637383940', 37, true),
                                                                                                         ('10000066-1066-1066-1066-100000000066', 'Orlando Santos Silva', '1991-04-01', 'INATIVO', '63738394041', 33, false),
                                                                                                         ('10000067-1067-1067-1067-100000000067', 'Priscila Lima Costa', '1988-07-19', 'ATIVO', '73839404142', 35, true),
                                                                                                         ('10000068-1068-1068-1068-100000000068', 'Quirino Oliveira Santos', '1994-11-06', 'ATIVO', '83940414243', 29, true),
                                                                                                         ('10000069-1069-1069-1069-100000000069', 'Renata Ferreira Rocha', '1980-02-23', 'ATIVO', '94041424344', 44, true),
                                                                                                         ('10000070-1070-1070-1070-100000000070', 'Silvio Silva Lima', '1997-06-10', 'SUSPENSO', '04142434445', 27, true),
                                                                                                         ('10000071-1071-1071-1071-100000000071', 'Tania Costa Martins', '1984-09-28', 'ATIVO', '14243444546', 39, true),
                                                                                                         ('10000072-1072-1072-1072-100000000072', 'Umberto Santos Alves', '1992-01-15', 'ATIVO', '24344454647', 32, true),
                                                                                                         ('10000073-1073-1073-1073-100000000073', 'Viviane Lima Silva', '1987-05-02', 'ATIVO', '34445464748', 36, true),
                                                                                                         ('10000074-1074-1074-1074-100000000074', 'Wagner Oliveira Costa', '1995-08-20', 'INATIVO', '44546474849', 28, false),
                                                                                                         ('10000075-1075-1075-1075-100000000075', 'Xiomara Ferreira Santos', '1983-12-07', 'ATIVO', '54647484950', 40, true),
                                                                                                         ('10000076-1076-1076-1076-100000000076', 'Yago Silva Rocha', '1990-03-25', 'ATIVO', '64748495051', 34, true),
                                                                                                         ('10000077-1077-1077-1077-100000000077', 'Zelma Costa Lima', '1988-07-12', 'ATIVO', '74849505152', 35, true),
                                                                                                         ('10000078-1078-1078-1078-100000000078', 'Antonio Santos Martins', '1994-10-30', 'SUSPENSO', '84950515253', 29, true),
                                                                                                         ('10000079-1079-1079-1079-100000000079', 'Bruna Alves Silva', '1982-02-16', 'ATIVO', '95051525354', 42, true),
                                                                                                         ('10000080-1080-1080-1080-100000000080', 'Claudio Lima Costa', '1996-06-03', 'ATIVO', '05152535455', 27, true),
                                                                                                         ('10000081-1081-1081-1081-100000000081', 'Denise Oliveira Santos', '1989-09-21', 'ATIVO', '15253545556', 34, true),
                                                                                                         ('10000082-1082-1082-1082-100000000082', 'Erico Ferreira Rocha', '1985-01-08', 'INATIVO', '25354555657', 39, false),
                                                                                                         ('10000083-1083-1083-1083-100000000083', 'Fernanda Silva Lima', '1993-04-26', 'ATIVO', '35455565758', 30, true),
                                                                                                         ('10000084-1084-1084-1084-100000000084', 'Gilberto Costa Martins', '1981-08-13', 'ATIVO', '45556575859', 42, true),
                                                                                                         ('10000085-1085-1085-1085-100000000085', 'Herica Santos Alves', '1991-11-30', 'ATIVO', '55657585960', 32, true),
                                                                                                         ('10000086-1086-1086-1086-100000000086', 'Ivo Lima Silva', '1987-03-18', 'SUSPENSO', '65758596061', 36, true),
                                                                                                         ('10000087-1087-1087-1087-100000000087', 'Janaina Oliveira Costa', '1995-07-05', 'ATIVO', '75859606162', 28, true),
                                                                                                         ('10000088-1088-1088-1088-100000000088', 'Kaio Ferreira Santos', '1983-10-23', 'ATIVO', '85960616263', 40, true),
                                                                                                         ('10000089-1089-1089-1089-100000000089', 'Leticia Silva Rocha', '1992-02-09', 'ATIVO', '96061626364', 32, true),
                                                                                                         ('10000090-1090-1090-1090-100000000090', 'Mauricio Costa Lima', '1986-05-28', 'INATIVO', '06162636465', 37, false),
                                                                                                         ('10000091-1091-1091-1091-100000000091', 'Neusa Santos Martins', '1990-09-14', 'ATIVO', '16263646566', 33, true),
                                                                                                         ('10000092-1092-1092-1092-100000000092', 'Otavio Alves Silva', '1984-01-01', 'ATIVO', '26364656667', 40, true),
                                                                                                         ('10000093-1093-1093-1093-100000000093', 'Paula Lima Costa', '1997-04-19', 'ATIVO', '36465666768', 27, true),
                                                                                                         ('10000094-1094-1094-1094-100000000094', 'Quirino Oliveira Santos', '1988-08-06', 'SUSPENSO', '46566676869', 35, true),
                                                                                                         ('10000095-1095-1095-1095-100000000095', 'Rita Ferreira Rocha', '1993-11-24', 'ATIVO', '56667686970', 30, true),
                                                                                                         ('10000096-1096-1096-1096-100000000096', 'Samuel Silva Lima', '1981-03-11', 'ATIVO', '66768697071', 43, true),
                                                                                                         ('10000097-1097-1097-1097-100000000097', 'Teresa Costa Martins', '1995-06-29', 'ATIVO', '76869707172', 28, true),
                                                                                                         ('10000098-1098-1098-1098-100000000098', 'Ulysses Santos Alves', '1989-10-16', 'INATIVO', '86970717273', 34, false),
                                                                                                         ('10000099-1099-1099-1099-100000000099', 'Valeria Lima Silva', '1992-02-03', 'ATIVO', '97071727374', 32, true),
                                                                                                         ('10000100-1100-1100-1100-100000000100', 'Washington Costa Santos', '1987-05-21', 'ATIVO', '07172737475', 36, true);
-- Inserir veículos de exemplo
INSERT INTO veiculos (id, nome, placa, ano, data_entrada, mensalista_id) VALUES
                                                                             ('20000001-2001-2001-2001-200000000001', 'Honda Civic', 'ABC1234', 2020, '2024-01-15 08:30:00', '10000001-1001-1001-1001-100000000001'),
                                                                             ('20000002-2002-2002-2002-200000000002', 'Toyota Corolla', 'XYZ5678', 2019, '2024-01-15 09:15:00', '10000002-1002-1002-1002-100000000002'),
                                                                             ('20000003-2003-2003-2003-200000000003', 'Volkswagen Gol', 'DEF9012', 2018, '2024-01-15 10:00:00', '10000003-1003-1003-1003-100000000003'),
                                                                             ('20000004-2004-2004-2004-200000000004', 'Ford Ka', 'GHI3456', 2021, '2024-01-15 11:30:00', '10000004-1004-1004-1004-100000000004'),
                                                                             ('20000005-2005-2005-2005-200000000005', 'Chevrolet Onix', 'JKL7890', 2022, '2024-01-15 14:20:00', '10000005-1005-1005-1005-100000000005'),
                                                                             ('20000006-2006-2006-2006-200000000006', 'Hyundai HB20', 'MNO1357', 2020, '2024-01-16 08:45:00', '10000006-1006-1006-1006-100000000006'),
                                                                             ('20000007-2007-2007-2007-200000000007', 'Nissan March', 'PQR2468', 2019, '2024-01-16 09:30:00', '10000007-1007-1007-1007-100000000007'),
                                                                             ('20000008-2008-2008-2008-200000000008', 'Renault Sandero', 'STU3691', 2021, '2024-01-16 10:15:00', '10000008-1008-1008-1008-100000000008'),
                                                                             ('20000009-2009-2009-2009-200000000009', 'Fiat Argo', 'VWX4702', 2020, '2024-01-16 11:00:00', '10000009-1009-1009-1009-100000000009'),
                                                                             ('20000010-2010-2010-2010-200000000010', 'Peugeot 208', 'YZA5813', 2022, '2024-01-16 13:45:00', '10000010-1010-1010-1010-100000000010'),
                                                                             ('20000011-2011-2011-2011-200000000011', 'Mitsubishi Lancer', 'BCD6924', 2018, '2024-01-17 08:20:00', '10000011-1011-1011-1011-100000000011'),
                                                                             ('20000012-2012-2012-2012-200000000012', 'Kia Cerato', 'EFG7035', 2021, '2024-01-17 09:10:00', '10000012-1012-1012-1012-100000000012'),
                                                                             ('20000013-2013-2013-2013-200000000013', 'Mazda 3', 'HIJ8146', 2020, '2024-01-17 10:25:00', '10000013-1013-1013-1013-100000000013'),
                                                                             ('20000014-2014-2014-2014-200000000014', 'Subaru Impreza', 'KLM9257', 2019, '2024-01-17 11:40:00', '10000014-1014-1014-1014-100000000014'),
                                                                             ('20000015-2015-2015-2015-200000000015', 'Suzuki Swift', 'NOP0368', 2022, '2024-01-17 14:55:00', '10000015-1015-1015-1015-100000000015'),
                                                                             ('20000016-2016-2016-2016-200000000016', 'Honda Fit', 'QRS1479', 2018, '2024-01-18 08:35:00', '10000016-1016-1016-1016-100000000016'),
                                                                             ('20000017-2017-2017-2017-200000000017', 'Toyota Yaris', 'TUV2580', 2021, '2024-01-18 09:25:00', '10000017-1017-1017-1017-100000000017'),
                                                                             ('20000018-2018-2018-2018-200000000018', 'Volkswagen Polo', 'WXY3691', 2020, '2024-01-18 10:40:00', '10000018-1018-1018-1018-100000000018'),
                                                                             ('20000019-2019-2019-2019-200000000019', 'Ford Fiesta', 'ZAB4702', 2019, '2024-01-18 12:15:00', '10000019-1019-1019-1019-100000000019'),
                                                                             ('20000020-2020-2020-2020-200000000020', 'Chevrolet Prisma', 'CDE5813', 2022, '2024-01-18 15:30:00', '10000020-1020-1020-1020-100000000020'),
                                                                             ('20000021-2021-2021-2021-200000000021', 'Hyundai Accent', 'FGH6924', 2018, '2024-01-19 08:50:00', '10000021-1021-1021-1021-100000000021'),
                                                                             ('20000022-2022-2022-2022-200000000022', 'Nissan Versa', 'IJK7035', 2021, '2024-01-19 09:40:00', '10000022-1022-1022-1022-100000000022'),
                                                                             ('20000023-2023-2023-2023-200000000023', 'Renault Logan', 'LMN8146', 2020, '2024-01-19 10:55:00', '10000023-1023-1023-1023-100000000023'),
                                                                             ('20000024-2024-2024-2024-200000000024', 'Fiat Cronos', 'OPQ9257', 2019, '2024-01-19 12:10:00', '10000024-1024-1024-1024-100000000024'),
                                                                             ('20000025-2025-2025-2025-200000000025', 'Peugeot 308', 'RST0368', 2022, '2024-01-19 15:25:00', '10000025-1025-1025-1025-100000000025'),
                                                                             ('20000026-2026-2026-2026-200000000026', 'BMW X1', 'UVW1479', 2021, '2024-01-20 08:15:00', '10000026-1026-1026-1026-100000000026'),
                                                                             ('20000027-2027-2027-2027-200000000027', 'Audi A3', 'XYZ2580', 2020, '2024-01-20 09:05:00', '10000027-1027-1027-1027-100000000027'),
                                                                             ('20000028-2028-2028-2028-200000000028', 'Mercedes Classe A', 'ABC3691', 2019, '2024-01-20 10:20:00', '10000028-1028-1028-1028-100000000028'),
                                                                             ('20000029-2029-2029-2029-200000000029', 'Volvo XC40', 'DEF4702', 2022, '2024-01-20 11:35:00', '10000029-1029-1029-1029-100000000029'),
                                                                             ('20000030-2030-2030-2030-200000000030', 'Lexus IS', 'GHI5813', 2021, '2024-01-20 14:50:00', '10000030-1030-1030-1030-100000000030'),
                                                                             ('20000031-2031-2031-2031-200000000031', 'Honda Civic SI', 'JKL6924', 2020, '2024-01-21 08:25:00', '10000031-1031-1031-1031-100000000031'),
                                                                             ('20000032-2032-2032-2032-200000000032', 'Toyota Camry', 'MNO7035', 2019, '2024-01-21 09:15:00', '10000032-1032-1032-1032-100000000032'),
                                                                             ('20000033-2033-2033-2033-200000000033', 'Volkswagen Jetta', 'PQR8146', 2022, '2024-01-21 10:30:00', '10000033-1033-1033-1033-100000000033'),
                                                                             ('20000034-2034-2034-2034-200000000034', 'Ford Focus', 'STU9257', 2018, '2024-01-21 11:45:00', '10000034-1034-1034-1034-100000000034'),
                                                                             ('20000035-2035-2035-2035-200000000035', 'Chevrolet Cruze', 'VWX0368', 2021, '2024-01-21 15:00:00', '10000035-1035-1035-1035-100000000035'),
                                                                             ('20000036-2036-2036-2036-200000000036', 'Hyundai Elantra', 'YZA1479', 2020, '2024-01-22 08:40:00', '10000036-1036-1036-1036-100000000036'),
                                                                             ('20000037-2037-2037-2037-200000000037', 'Nissan Sentra', 'BCD2580', 2019, '2024-01-22 09:25:00', '10000037-1037-1037-1037-100000000037'),
                                                                             ('20000038-2038-2038-2038-200000000038', 'Renault Fluence', 'EFG3691', 2022, '2024-01-22 10:35:00', '10000038-1038-1038-1038-100000000038'),
                                                                             ('20000039-2039-2039-2039-200000000039', 'Fiat Tipo', 'HIJ4702', 2021, '2024-01-22 11:50:00', '10000039-1039-1039-1039-100000000039'),
                                                                             ('20000040-2040-2040-2040-200000000040', 'Peugeot 2008', 'KLM5813', 2020, '2024-01-22 14:15:00', '10000040-1040-1040-1040-100000000040'),
                                                                             ('20000041-2041-2041-2041-200000000041', 'Jeep Renegade', 'NOP6924', 2019, '2024-01-23 08:55:00', '10000041-1041-1041-1041-100000000041'),
                                                                             ('20000042-2042-2042-2042-200000000042', 'Honda HR-V', 'QRS7035', 2022, '2024-01-23 09:45:00', '10000042-1042-1042-1042-100000000042'),
                                                                             ('20000043-2043-2043-2043-200000000043', 'Toyota C-HR', 'TUV8146', 2021, '2024-01-23 10:20:00', '10000043-1043-1043-1043-100000000043'),
                                                                             ('20000044-2044-2044-2044-200000000044', 'Volkswagen T-Cross', 'WXY9257', 2020, '2024-01-23 11:30:00', '10000044-1044-1044-1044-100000000044'),
                                                                             ('20000045-2045-2045-2045-200000000045', 'Ford EcoSport', 'ZAB0368', 2018, '2024-01-23 14:45:00', '10000045-1045-1045-1045-100000000045'),
                                                                             ('20000046-2046-2046-2046-200000000046', 'Chevrolet Tracker', 'CDE1479', 2022, '2024-01-24 08:10:00', '10000046-1046-1046-1046-100000000046'),
                                                                             ('20000047-2047-2047-2047-200000000047', 'Hyundai Creta', 'FGH2580', 2021, '2024-01-24 09:00:00', '10000047-1047-1047-1047-100000000047'),
                                                                             ('20000048-2048-2048-2048-200000000048', 'Nissan Kicks', 'IJK3691', 2020, '2024-01-24 10:15:00', '10000048-1048-1048-1048-100000000048'),
                                                                             ('20000049-2049-2049-2049-200000000049', 'Renault Captur', 'LMN4702', 2019, '2024-01-24 11:25:00', '10000049-1049-1049-1049-100000000049'),
                                                                             ('20000050-2050-2050-2050-200000000050', 'Fiat Toro', 'OPQ5813', 2022, '2024-01-24 14:40:00', '10000050-1050-1050-1050-100000000050'),
                                                                             ('20000051-2051-2051-2051-200000000051', 'Mitsubishi ASX', 'RST6924', 2018, '2024-01-25 08:30:00', '10000051-1051-1051-1051-100000000051'),
                                                                             ('20000052-2052-2052-2052-200000000052', 'Kia Sportage', 'UVW7035', 2021, '2024-01-25 09:20:00', '10000052-1052-1052-1052-100000000052'),
                                                                             ('20000053-2053-2053-2053-200000000053', 'Mazda CX-5', 'XYZ8146', 2020, '2024-01-25 10:35:00', '10000053-1053-1053-1053-100000000053'),
                                                                             ('20000054-2054-2054-2054-200000000054', 'Subaru XV', 'ABC9257', 2019, '2024-01-25 11:50:00', '10000054-1054-1054-1054-100000000054'),
                                                                             ('20000055-2055-2055-2055-200000000055', 'Suzuki Vitara', 'DEF0368', 2022, '2024-01-25 15:05:00', '10000055-1055-1055-1055-100000000055'),
                                                                             ('20000056-2056-2056-2056-200000000056', 'BMW X3', 'GHI1479', 2021, '2024-01-26 08:45:00', '10000056-1056-1056-1056-100000000056'),
                                                                             ('20000057-2057-2057-2057-200000000057', 'Audi Q3', 'JKL2580', 2020, '2024-01-26 09:35:00', '10000057-1057-1057-1057-100000000057'),
                                                                             ('20000058-2058-2058-2058-200000000058', 'Mercedes GLA', 'MNO3691', 2018, '2024-01-26 10:50:00', '10000058-1058-1058-1058-100000000058'),
                                                                             ('20000059-2059-2059-2059-200000000059', 'Volvo XC60', 'PQR4702', 2022, '2024-01-26 12:05:00', '10000059-1059-1059-1059-100000000059'),
                                                                             ('20000060-2060-2060-2060-200000000060', 'Lexus RX', 'STU5813', 2021, '2024-01-26 15:20:00', '10000060-1060-1060-1060-100000000060'),
                                                                             ('20000061-2061-2061-2061-200000000061', 'Honda Accord', 'VWX6924', 2019, '2024-01-27 08:15:00', '10000061-1061-1061-1061-100000000061'),
                                                                             ('20000062-2062-2062-2062-200000000062', 'Toyota Prius', 'YZA7035', 2020, '2024-01-27 09:05:00', '10000062-1062-1062-1062-100000000062'),
                                                                             ('20000063-2063-2063-2063-200000000063', 'Volkswagen Passat', 'BCD8146', 2022, '2024-01-27 10:20:00', '10000063-1063-1063-1063-100000000063'),
                                                                             ('20000064-2064-2064-2064-200000000064', 'Ford Fusion', 'EFG9257', 2018, '2024-01-27 11:35:00', '10000064-1064-1064-1064-100000000064'),
                                                                             ('20000065-2065-2065-2065-200000000065', 'Chevrolet Malibu', 'HIJ0368', 2021, '2024-01-27 14:50:00', '10000065-1065-1065-1065-100000000065'),
                                                                             ('20000066-2066-2066-2066-200000000066', 'Hyundai Sonata', 'KLM1479', 2020, '2024-01-28 08:25:00', '10000066-1066-1066-1066-100000000066'),
                                                                             ('20000067-2067-2067-2067-200000000067', 'Nissan Altima', 'NOP2580', 2019, '2024-01-28 09:15:00', '10000067-1067-1067-1067-100000000067'),
                                                                             ('20000068-2068-2068-2068-200000000068', 'Renault Megane', 'QRS3691', 2022, '2024-01-28 10:30:00', '10000068-1068-1068-1068-100000000068'),
                                                                             ('20000069-2069-2069-2069-200000000069', 'Fiat 500X', 'TUV4702', 2021, '2024-01-28 11:45:00', '10000069-1069-1069-1069-100000000069'),
                                                                             ('20000070-2070-2070-2070-200000000070', 'Peugeot 3008', 'WXY5813', 2020, '2024-01-28 15:00:00', '10000070-1070-1070-1070-100000000070'),
                                                                             ('20000071-2071-2071-2071-200000000071', 'Jeep Compass', 'ZAB6924', 2018, '2024-01-29 08:35:00', '10000071-1071-1071-1071-100000000071'),
                                                                             ('20000072-2072-2072-2072-200000000072', 'Honda Pilot', 'CDE7035', 2022, '2024-01-29 09:25:00', '10000072-1072-1072-1072-100000000072'),
                                                                             ('20000073-2073-2073-2073-200000000073', 'Toyota Highlander', 'FGH8146', 2021, '2024-01-29 10:40:00', '10000073-1073-1073-1073-100000000073'),
                                                                             ('20000074-2074-2074-2074-200000000074', 'Volkswagen Touareg', 'IJK9257', 2019, '2024-01-29 11:55:00', '10000074-1074-1074-1074-100000000074'),
                                                                             ('20000075-2075-2075-2075-200000000075', 'Ford Explorer', 'LMN0368', 2020, '2024-01-29 15:10:00', '10000075-1075-1075-1075-100000000075'),
                                                                             ('20000076-2076-2076-2076-200000000076', 'Chevrolet Tahoe', 'OPQ1479', 2022, '2024-01-30 08:20:00', '10000076-1076-1076-1076-100000000076');
-- Pagamentos com UUIDs válidos
-- Inserir 20 pagamentos com dados válidos
    INSERT INTO pagamentos (id, mensalista_id, veiculo_id, tempo_saida, tarifa) VALUES
    (
    '30000001-3001-3001-3001-300000000001',
    '10000001-1001-1001-1001-100000000001',
    '20000001-2001-2001-2001-200000000001',
    '2024-01-15 18:30:00',
    15.50
    ),
    (
    '30000002-3002-3002-3002-300000000002',
    '10000002-1002-1002-1002-100000000002',
    '20000002-2002-2002-2002-200000000002',
    '2024-01-15 19:15:00',
    12.00
    ),
    (
    '30000003-3003-3003-3003-300000000003',
    '10000004-1004-1004-1004-100000000004',
    '20000004-2004-2004-2004-200000000004',
    '2024-01-15 20:30:00',
    18.75
    ),
    (
    '30000004-3004-3004-3004-300000000004',
    '10000006-1006-1006-1006-100000000006',
    '20000006-2006-2006-2006-200000000006',
    '2024-01-16 17:45:00',
    14.25
    ),
    (
    '30000005-3005-3005-3005-300000000005',
    '10000007-1007-1007-1007-100000000007',
    '20000007-2007-2007-2007-200000000007',
    '2024-01-16 18:30:00',
    16.00
    ),
    (
    '30000006-3006-3006-3006-300000000006',
    '10000008-1008-1008-1008-100000000008',
    '20000008-2008-2008-2008-200000000008',
    '2024-01-16 19:15:00',
    13.50
    ),
    (
    '30000007-3007-3007-3007-300000000007',
    '10000010-1010-1010-1010-100000000010',
    '20000010-2010-2010-2010-200000000010',
    '2024-01-16 20:45:00',
    22.00
    ),
    (
    '30000008-3008-3008-3008-300000000008',
    '10000011-1011-1011-1011-100000000011',
    '20000011-2011-2011-2011-200000000011',
    '2024-01-17 18:20:00',
    17.75
    ),
    (
    '30000009-3009-3009-3009-300000000009',
    '10000013-1013-1013-1013-100000000013',
    '20000013-2013-2013-2013-200000000013',
    '2024-01-17 19:25:00',
    15.25
    ),
    (
    '30000010-3010-3010-3010-300000000010',
    '10000014-1014-1014-1014-100000000014',
    '20000014-2014-2014-2014-200000000014',
    '2024-01-17 20:40:00',
    19.50
    ),
    (
    '30000011-3011-3011-3011-300000000011',
    '10000015-1015-1015-1015-100000000015',
    '20000015-2015-2015-2015-200000000015',
    '2024-01-17 21:55:00',
    24.75
    ),
    (
    '30000012-3012-3012-3012-300000000012',
    '10000017-1017-1017-1017-100000000017',
    '20000017-2017-2017-2017-200000000017',
    '2024-01-18 18:25:00',
    16.25
    ),
    (
    '30000013-3013-3013-3013-300000000013',
    '10000018-1018-1018-1018-100000000018',
    '20000018-2018-2018-2018-200000000018',
    '2024-01-18 19:40:00',
    18.00
    ),
    (
    '30000014-3014-3014-3014-300000000014',
    '10000019-1019-1019-1019-100000000019',
    '20000019-2019-2019-2019-200000000019',
    '2024-01-18 20:15:00',
    14.50
    ),
    (
    '30000015-3015-3015-3015-300000000015',
    '10000021-1021-1021-1021-100000000021',
    '20000021-2021-2021-2021-200000000021',
    '2024-01-19 17:50:00',
    13.75
    ),
    (
    '30000016-3016-3016-3016-300000000016',
    '10000022-1022-1022-1022-100000000022',
    '20000022-2022-2022-2022-200000000022',
    '2024-01-19 18:40:00',
    17.25
    ),
    (
    '30000017-3017-3017-3017-300000000017',
    '10000023-1023-1023-1023-100000000023',
    '20000023-2023-2023-2023-200000000023',
    '2024-01-19 19:55:00',
    21.00
    ),
    (
    '30000018-3018-3018-3018-300000000018',
    '10000025-1025-1025-1025-100000000025',
    '20000025-2025-2025-2025-200000000025',
    '2024-01-19 20:25:00',
    16.75
    ),
    (
    '30000019-3019-3019-3019-300000000019',
    '10000026-1026-1026-1026-100000000026',
    '20000026-2026-2026-2026-200000000026',
    '2024-01-20 18:15:00',
    19.25
    ),
    (
    '30000020-3020-3020-3020-300000000020',
    '10000027-1027-1027-1027-100000000027',
    '20000027-2027-2027-2027-200000000027',
    '2024-01-20 19:05:00',
    15.00
    );